variant_id,track,status,reason,completed_cells,planned_cells
document__b__none,document,completed,,1,1
document__b__laya_text,document,unsupported,No laya_text adapter configured,0,1
document__b__bge_reranker_text,document,unsupported,No bge_reranker_text adapter configured,0,1
document__b__gemma4_relevance,document,completed,,1,1
document__g__none,document,completed,,1,1
document__g__laya_text,document,unsupported,No laya_text adapter configured,0,1
document__g__bge_reranker_text,document,unsupported,No bge_reranker_text adapter configured,0,1
document__g__gemma4_relevance,document,completed,,1,1
document__e__none,document,completed,,1,1
document__e__laya_text,document,unsupported,No laya_text adapter configured,0,1
document__e__bge_reranker_text,document,unsupported,No bge_reranker_text adapter configured,0,1
document__e__gemma4_relevance,document,completed,,1,1
document__n__none,document,completed,,1,1
document__n__laya_text,document,unsupported,No laya_text adapter configured,0,1
document__n__bge_reranker_text,document,unsupported,No bge_reranker_text adapter configured,0,1
document__n__gemma4_relevance,document,completed,,1,1
document__s__none,document,completed,,1,1
document__s__laya_text,document,unsupported,No laya_text adapter configured,0,1
document__s__bge_reranker_text,document,unsupported,No bge_reranker_text adapter configured,0,1
document__s__gemma4_relevance,document,completed,,1,1
document__j__none,document,completed,,1,1
document__j__laya_text,document,unsupported,No laya_text adapter configured,0,1
document__j__bge_reranker_text,document,unsupported,No bge_reranker_text adapter configured,0,1
document__j__gemma4_relevance,document,completed,,1,1
document__b_g__none,document,completed,,1,1
document__b_g__laya_text,document,unsupported,No laya_text adapter configured,0,1
document__b_g__bge_reranker_text,document,unsupported,No bge_reranker_text adapter configured,0,1
document__b_g__gemma4_relevance,document,completed,,1,1
document__b_e__none,document,completed,,1,1
document__b_e__laya_text,document,unsupported,No laya_text adapter configured,0,1
document__b_e__bge_reranker_text,document,unsupported,No bge_reranker_text adapter configured,0,1
document__b_e__gemma4_relevance,document,completed,,1,1
document__b_n__none,document,completed,,1,1
document__b_n__laya_text,document,unsupported,No laya_text adapter configured,0,1
document__b_n__bge_reranker_text,document,unsupported,No bge_reranker_text adapter configured,0,1
document__b_n__gemma4_relevance,document,completed,,1,1
document__b_s__none,document,completed,,1,1
document__b_s__laya_text,document,unsupported,No laya_text adapter configured,0,1
document__b_s__bge_reranker_text,document,unsupported,No bge_reranker_text adapter configured,0,1
document__b_s__gemma4_relevance,document,completed,,1,1
document__b_j__none,document,completed,,1,1
document__b_j__laya_text,document,unsupported,No laya_text adapter configured,0,1
document__b_j__bge_reranker_text,document,unsupported,No bge_reranker_text adapter configured,0,1
document__b_j__gemma4_relevance,document,completed,,1,1
document__g_e__none,document,completed,,1,1
document__g_e__laya_text,document,unsupported,No laya_text adapter configured,0,1
document__g_e__bge_reranker_text,document,unsupported,No bge_reranker_text adapter configured,0,1
document__g_e__gemma4_relevance,document,completed,,1,1
document__g_n__none,document,completed,,1,1
document__g_n__laya_text,document,unsupported,No laya_text adapter configured,0,1
document__g_n__bge_reranker_text,document,unsupported,No bge_reranker_text adapter configured,0,1
document__g_n__gemma4_relevance,document,completed,,1,1
document__g_s__none,document,completed,,1,1
document__g_s__laya_text,document,unsupported,No laya_text adapter configured,0,1
document__g_s__bge_reranker_text,document,unsupported,No bge_reranker_text adapter configured,0,1
document__g_s__gemma4_relevance,document,completed,,1,1
document__g_j__none,document,completed,,1,1
document__g_j__laya_text,document,unsupported,No laya_text adapter configured,0,1
document__g_j__bge_reranker_text,document,unsupported,No bge_reranker_text adapter configured,0,1
document__g_j__gemma4_relevance,document,completed,,1,1
document__e_n__none,document,completed,,1,1
document__e_n__laya_text,document,unsupported,No laya_text adapter configured,0,1
document__e_n__bge_reranker_text,document,unsupported,No bge_reranker_text adapter configured,0,1
document__e_n__gemma4_relevance,document,completed,,1,1
document__e_s__none,document,completed,,1,1
document__e_s__laya_text,document,unsupported,No laya_text adapter configured,0,1
document__e_s__bge_reranker_text,document,unsupported,No bge_reranker_text adapter configured,0,1
document__e_s__gemma4_relevance,document,completed,,1,1
document__e_j__none,document,completed,,1,1
document__e_j__laya_text,document,unsupported,No laya_text adapter configured,0,1
document__e_j__bge_reranker_text,document,unsupported,No bge_reranker_text adapter configured,0,1
document__e_j__gemma4_relevance,document,completed,,1,1
document__n_s__none,document,completed,,1,1
document__n_s__laya_text,document,unsupported,No laya_text adapter configured,0,1
document__n_s__bge_reranker_text,document,unsupported,No bge_reranker_text adapter configured,0,1
document__n_s__gemma4_relevance,document,completed,,1,1
document__n_j__none,document,completed,,1,1
document__n_j__laya_text,document,unsupported,No laya_text adapter configured,0,1
document__n_j__bge_reranker_text,document,unsupported,No bge_reranker_text adapter configured,0,1
document__n_j__gemma4_relevance,document,completed,,1,1
document__s_j__none,document,completed,,1,1
document__s_j__laya_text,document,unsupported,No laya_text adapter configured,0,1
document__s_j__bge_reranker_text,document,unsupported,No bge_reranker_text adapter configured,0,1
document__s_j__gemma4_relevance,document,completed,,1,1
document__b_g_e__none,document,completed,,1,1
document__b_g_e__laya_text,document,unsupported,No laya_text adapter configured,0,1
document__b_g_e__bge_reranker_text,document,unsupported,No bge_reranker_text adapter configured,0,1
document__b_g_e__gemma4_relevance,document,completed,,1,1
document__b_g_n__none,document,completed,,1,1
document__b_g_n__laya_text,document,unsupported,No laya_text adapter configured,0,1
document__b_g_n__bge_reranker_text,document,unsupported,No bge_reranker_text adapter configured,0,1
document__b_g_n__gemma4_relevance,document,completed,,1,1
document__b_g_s__none,document,completed,,1,1
document__b_g_s__laya_text,document,unsupported,No laya_text adapter configured,0,1
document__b_g_s__bge_reranker_text,document,unsupported,No bge_reranker_text adapter configured,0,1
document__b_g_s__gemma4_relevance,document,completed,,1,1
document__b_g_j__none,document,completed,,1,1
document__b_g_j__laya_text,document,unsupported,No laya_text adapter configured,0,1
document__b_g_j__bge_reranker_text,document,unsupported,No bge_reranker_text adapter configured,0,1
document__b_g_j__gemma4_relevance,document,completed,,1,1
document__b_e_n__none,document,completed,,1,1
document__b_e_n__laya_text,document,unsupported,No laya_text adapter configured,0,1
document__b_e_n__bge_reranker_text,document,unsupported,No bge_reranker_text adapter configured,0,1
document__b_e_n__gemma4_relevance,document,completed,,1,1
document__b_e_s__none,document,completed,,1,1
document__b_e_s__laya_text,document,unsupported,No laya_text adapter configured,0,1
document__b_e_s__bge_reranker_text,document,unsupported,No bge_reranker_text adapter configured,0,1
document__b_e_s__gemma4_relevance,document,completed,,1,1
document__b_e_j__none,document,completed,,1,1
document__b_e_j__laya_text,document,unsupported,No laya_text adapter configured,0,1
document__b_e_j__bge_reranker_text,document,unsupported,No bge_reranker_text adapter configured,0,1
document__b_e_j__gemma4_relevance,document,completed,,1,1
document__b_n_s__none,document,completed,,1,1
document__b_n_s__laya_text,document,unsupported,No laya_text adapter configured,0,1
document__b_n_s__bge_reranker_text,document,unsupported,No bge_reranker_text adapter configured,0,1
document__b_n_s__gemma4_relevance,document,completed,,1,1
document__b_n_j__none,document,completed,,1,1
document__b_n_j__laya_text,document,unsupported,No laya_text adapter configured,0,1
document__b_n_j__bge_reranker_text,document,unsupported,No bge_reranker_text adapter configured,0,1
document__b_n_j__gemma4_relevance,document,completed,,1,1
document__b_s_j__none,document,completed,,1,1
document__b_s_j__laya_text,document,unsupported,No laya_text adapter configured,0,1
document__b_s_j__bge_reranker_text,document,unsupported,No bge_reranker_text adapter configured,0,1
document__b_s_j__gemma4_relevance,document,completed,,1,1
document__g_e_n__none,document,completed,,1,1
document__g_e_n__laya_text,document,unsupported,No laya_text adapter configured,0,1
document__g_e_n__bge_reranker_text,document,unsupported,No bge_reranker_text adapter configured,0,1
document__g_e_n__gemma4_relevance,document,completed,,1,1
document__g_e_s__none,document,completed,,1,1
document__g_e_s__laya_text,document,unsupported,No laya_text adapter configured,0,1
document__g_e_s__bge_reranker_text,document,unsupported,No bge_reranker_text adapter configured,0,1
document__g_e_s__gemma4_relevance,document,completed,,1,1
document__g_e_j__none,document,completed,,1,1
document__g_e_j__laya_text,document,unsupported,No laya_text adapter configured,0,1
document__g_e_j__bge_reranker_text,document,unsupported,No bge_reranker_text adapter configured,0,1
document__g_e_j__gemma4_relevance,document,completed,,1,1
document__g_n_s__none,document,completed,,1,1
document__g_n_s__laya_text,document,unsupported,No laya_text adapter configured,0,1
document__g_n_s__bge_reranker_text,document,unsupported,No bge_reranker_text adapter configured,0,1
document__g_n_s__gemma4_relevance,document,completed,,1,1
document__g_n_j__none,document,completed,,1,1
document__g_n_j__laya_text,document,unsupported,No laya_text adapter configured,0,1
document__g_n_j__bge_reranker_text,document,unsupported,No bge_reranker_text adapter configured,0,1
document__g_n_j__gemma4_relevance,document,completed,,1,1
document__g_s_j__none,document,completed,,1,1
document__g_s_j__laya_text,document,unsupported,No laya_text adapter configured,0,1
document__g_s_j__bge_reranker_text,document,unsupported,No bge_reranker_text adapter configured,0,1
document__g_s_j__gemma4_relevance,document,completed,,1,1
document__e_n_s__none,document,completed,,1,1
document__e_n_s__laya_text,document,unsupported,No laya_text adapter configured,0,1
document__e_n_s__bge_reranker_text,document,unsupported,No bge_reranker_text adapter configured,0,1
document__e_n_s__gemma4_relevance,document,completed,,1,1
document__e_n_j__none,document,completed,,1,1
document__e_n_j__laya_text,document,unsupported,No laya_text adapter configured,0,1
document__e_n_j__bge_reranker_text,document,unsupported,No bge_reranker_text adapter configured,0,1
document__e_n_j__gemma4_relevance,document,completed,,1,1
document__e_s_j__none,document,completed,,1,1
document__e_s_j__laya_text,document,unsupported,No laya_text adapter configured,0,1
document__e_s_j__bge_reranker_text,document,unsupported,No bge_reranker_text adapter configured,0,1
document__e_s_j__gemma4_relevance,document,completed,,1,1
document__n_s_j__none,document,completed,,1,1
document__n_s_j__laya_text,document,unsupported,No laya_text adapter configured,0,1
document__n_s_j__bge_reranker_text,document,unsupported,No bge_reranker_text adapter configured,0,1
document__n_s_j__gemma4_relevance,document,completed,,1,1
document__b_g_e_n__none,document,completed,,1,1
document__b_g_e_n__laya_text,document,unsupported,No laya_text adapter configured,0,1
document__b_g_e_n__bge_reranker_text,document,unsupported,No bge_reranker_text adapter configured,0,1
document__b_g_e_n__gemma4_relevance,document,completed,,1,1
document__b_g_e_s__none,document,completed,,1,1
document__b_g_e_s__laya_text,document,unsupported,No laya_text adapter configured,0,1
document__b_g_e_s__bge_reranker_text,document,unsupported,No bge_reranker_text adapter configured,0,1
document__b_g_e_s__gemma4_relevance,document,completed,,1,1
document__b_g_e_j__none,document,completed,,1,1
document__b_g_e_j__laya_text,document,unsupported,No laya_text adapter configured,0,1
document__b_g_e_j__bge_reranker_text,document,unsupported,No bge_reranker_text adapter configured,0,1
document__b_g_e_j__gemma4_relevance,document,completed,,1,1
document__b_g_n_s__none,document,completed,,1,1
document__b_g_n_s__laya_text,document,unsupported,No laya_text adapter configured,0,1
document__b_g_n_s__bge_reranker_text,document,unsupported,No bge_reranker_text adapter configured,0,1
document__b_g_n_s__gemma4_relevance,document,completed,,1,1
document__b_g_n_j__none,document,completed,,1,1
document__b_g_n_j__laya_text,document,unsupported,No laya_text adapter configured,0,1
document__b_g_n_j__bge_reranker_text,document,unsupported,No bge_reranker_text adapter configured,0,1
document__b_g_n_j__gemma4_relevance,document,completed,,1,1
document__b_g_s_j__none,document,completed,,1,1
document__b_g_s_j__laya_text,document,unsupported,No laya_text adapter configured,0,1
document__b_g_s_j__bge_reranker_text,document,unsupported,No bge_reranker_text adapter configured,0,1
document__b_g_s_j__gemma4_relevance,document,completed,,1,1
document__b_e_n_s__none,document,completed,,1,1
document__b_e_n_s__laya_text,document,unsupported,No laya_text adapter configured,0,1
document__b_e_n_s__bge_reranker_text,document,unsupported,No bge_reranker_text adapter configured,0,1
document__b_e_n_s__gemma4_relevance,document,completed,,1,1
document__b_e_n_j__none,document,completed,,1,1
document__b_e_n_j__laya_text,document,unsupported,No laya_text adapter configured,0,1
document__b_e_n_j__bge_reranker_text,document,unsupported,No bge_reranker_text adapter configured,0,1
document__b_e_n_j__gemma4_relevance,document,completed,,1,1
document__b_e_s_j__none,document,completed,,1,1
document__b_e_s_j__laya_text,document,unsupported,No laya_text adapter configured,0,1
document__b_e_s_j__bge_reranker_text,document,unsupported,No bge_reranker_text adapter configured,0,1
document__b_e_s_j__gemma4_relevance,document,completed,,1,1
document__b_n_s_j__none,document,completed,,1,1
document__b_n_s_j__laya_text,document,unsupported,No laya_text adapter configured,0,1
document__b_n_s_j__bge_reranker_text,document,unsupported,No bge_reranker_text adapter configured,0,1
document__b_n_s_j__gemma4_relevance,document,completed,,1,1
document__g_e_n_s__none,document,completed,,1,1
document__g_e_n_s__laya_text,document,unsupported,No laya_text adapter configured,0,1
document__g_e_n_s__bge_reranker_text,document,unsupported,No bge_reranker_text adapter configured,0,1
document__g_e_n_s__gemma4_relevance,document,completed,,1,1
document__g_e_n_j__none,document,completed,,1,1
document__g_e_n_j__laya_text,document,unsupported,No laya_text adapter configured,0,1
document__g_e_n_j__bge_reranker_text,document,unsupported,No bge_reranker_text adapter configured,0,1
document__g_e_n_j__gemma4_relevance,document,completed,,1,1
document__g_e_s_j__none,document,completed,,1,1
document__g_e_s_j__laya_text,document,unsupported,No laya_text adapter configured,0,1
document__g_e_s_j__bge_reranker_text,document,unsupported,No bge_reranker_text adapter configured,0,1
document__g_e_s_j__gemma4_relevance,document,completed,,1,1
document__g_n_s_j__none,document,completed,,1,1
document__g_n_s_j__laya_text,document,unsupported,No laya_text adapter configured,0,1
document__g_n_s_j__bge_reranker_text,document,unsupported,No bge_reranker_text adapter configured,0,1
document__g_n_s_j__gemma4_relevance,document,completed,,1,1
document__e_n_s_j__none,document,completed,,1,1
document__e_n_s_j__laya_text,document,unsupported,No laya_text adapter configured,0,1
document__e_n_s_j__bge_reranker_text,document,unsupported,No bge_reranker_text adapter configured,0,1
document__e_n_s_j__gemma4_relevance,document,completed,,1,1
document__b_g_e_n_s__none,document,completed,,1,1
document__b_g_e_n_s__laya_text,document,unsupported,No laya_text adapter configured,0,1
document__b_g_e_n_s__bge_reranker_text,document,unsupported,No bge_reranker_text adapter configured,0,1
document__b_g_e_n_s__gemma4_relevance,document,completed,,1,1
document__b_g_e_n_j__none,document,completed,,1,1
document__b_g_e_n_j__laya_text,document,unsupported,No laya_text adapter configured,0,1
document__b_g_e_n_j__bge_reranker_text,document,unsupported,No bge_reranker_text adapter configured,0,1
document__b_g_e_n_j__gemma4_relevance,document,completed,,1,1
document__b_g_e_s_j__none,document,completed,,1,1
document__b_g_e_s_j__laya_text,document,unsupported,No laya_text adapter configured,0,1
document__b_g_e_s_j__bge_reranker_text,document,unsupported,No bge_reranker_text adapter configured,0,1
document__b_g_e_s_j__gemma4_relevance,document,completed,,1,1
document__b_g_n_s_j__none,document,completed,,1,1
document__b_g_n_s_j__laya_text,document,unsupported,No laya_text adapter configured,0,1
document__b_g_n_s_j__bge_reranker_text,document,unsupported,No bge_reranker_text adapter configured,0,1
document__b_g_n_s_j__gemma4_relevance,document,completed,,1,1
document__b_e_n_s_j__none,document,completed,,1,1
document__b_e_n_s_j__laya_text,document,unsupported,No laya_text adapter configured,0,1
document__b_e_n_s_j__bge_reranker_text,document,unsupported,No bge_reranker_text adapter configured,0,1
document__b_e_n_s_j__gemma4_relevance,document,completed,,1,1
document__g_e_n_s_j__none,document,completed,,1,1
document__g_e_n_s_j__laya_text,document,unsupported,No laya_text adapter configured,0,1
document__g_e_n_s_j__bge_reranker_text,document,unsupported,No bge_reranker_text adapter configured,0,1
document__g_e_n_s_j__gemma4_relevance,document,completed,,1,1
document__b_g_e_n_s_j__none,document,completed,,1,1
document__b_g_e_n_s_j__laya_text,document,unsupported,No laya_text adapter configured,0,1
document__b_g_e_n_s_j__bge_reranker_text,document,unsupported,No bge_reranker_text adapter configured,0,1
document__b_g_e_n_s_j__gemma4_relevance,document,completed,,1,1
