variant_id,track,status,reason,completed_cells,planned_cells
video__b__none,video,completed,,2,2
video__b__laya_text,video,unsupported,No laya_text adapter configured,0,6
video__b__bge_reranker_text,video,unsupported,No bge_reranker_text adapter configured,0,6
video__b__gemma4_relevance,video,unsupported,No gemma4_relevance adapter configured,0,6
video__g__none,video,completed,,2,2
video__g__laya_text,video,unsupported,No laya_text adapter configured,0,6
video__g__bge_reranker_text,video,unsupported,No bge_reranker_text adapter configured,0,6
video__g__gemma4_relevance,video,unsupported,No gemma4_relevance adapter configured,0,6
video__e__none,video,completed,,2,2
video__e__laya_text,video,unsupported,No laya_text adapter configured,0,6
video__e__bge_reranker_text,video,unsupported,No bge_reranker_text adapter configured,0,6
video__e__gemma4_relevance,video,unsupported,No gemma4_relevance adapter configured,0,6
video__n__none,video,completed,,2,2
video__n__laya_text,video,unsupported,No laya_text adapter configured,0,6
video__n__bge_reranker_text,video,unsupported,No bge_reranker_text adapter configured,0,6
video__n__gemma4_relevance,video,unsupported,No gemma4_relevance adapter configured,0,6
video__s__none,video,completed,,2,2
video__s__laya_text,video,unsupported,No laya_text adapter configured,0,6
video__s__bge_reranker_text,video,unsupported,No bge_reranker_text adapter configured,0,6
video__s__gemma4_relevance,video,unsupported,No gemma4_relevance adapter configured,0,6
video__j__none,video,completed,,2,2
video__j__laya_text,video,unsupported,No laya_text adapter configured,0,6
video__j__bge_reranker_text,video,unsupported,No bge_reranker_text adapter configured,0,6
video__j__gemma4_relevance,video,unsupported,No gemma4_relevance adapter configured,0,6
video__b_g__none,video,completed,,2,2
video__b_g__laya_text,video,unsupported,No laya_text adapter configured,0,6
video__b_g__bge_reranker_text,video,unsupported,No bge_reranker_text adapter configured,0,6
video__b_g__gemma4_relevance,video,unsupported,No gemma4_relevance adapter configured,0,6
video__b_e__none,video,completed,,2,2
video__b_e__laya_text,video,unsupported,No laya_text adapter configured,0,6
video__b_e__bge_reranker_text,video,unsupported,No bge_reranker_text adapter configured,0,6
video__b_e__gemma4_relevance,video,unsupported,No gemma4_relevance adapter configured,0,6
video__b_n__none,video,completed,,2,2
video__b_n__laya_text,video,unsupported,No laya_text adapter configured,0,6
video__b_n__bge_reranker_text,video,unsupported,No bge_reranker_text adapter configured,0,6
video__b_n__gemma4_relevance,video,unsupported,No gemma4_relevance adapter configured,0,6
video__b_s__none,video,completed,,2,2
video__b_s__laya_text,video,unsupported,No laya_text adapter configured,0,6
video__b_s__bge_reranker_text,video,unsupported,No bge_reranker_text adapter configured,0,6
video__b_s__gemma4_relevance,video,unsupported,No gemma4_relevance adapter configured,0,6
video__b_j__none,video,completed,,2,2
video__b_j__laya_text,video,unsupported,No laya_text adapter configured,0,6
video__b_j__bge_reranker_text,video,unsupported,No bge_reranker_text adapter configured,0,6
video__b_j__gemma4_relevance,video,unsupported,No gemma4_relevance adapter configured,0,6
video__g_e__none,video,completed,,2,2
video__g_e__laya_text,video,unsupported,No laya_text adapter configured,0,6
video__g_e__bge_reranker_text,video,unsupported,No bge_reranker_text adapter configured,0,6
video__g_e__gemma4_relevance,video,unsupported,No gemma4_relevance adapter configured,0,6
video__g_n__none,video,completed,,2,2
video__g_n__laya_text,video,unsupported,No laya_text adapter configured,0,6
video__g_n__bge_reranker_text,video,unsupported,No bge_reranker_text adapter configured,0,6
video__g_n__gemma4_relevance,video,unsupported,No gemma4_relevance adapter configured,0,6
video__g_s__none,video,completed,,2,2
video__g_s__laya_text,video,unsupported,No laya_text adapter configured,0,6
video__g_s__bge_reranker_text,video,unsupported,No bge_reranker_text adapter configured,0,6
video__g_s__gemma4_relevance,video,unsupported,No gemma4_relevance adapter configured,0,6
video__g_j__none,video,completed,,2,2
video__g_j__laya_text,video,unsupported,No laya_text adapter configured,0,6
video__g_j__bge_reranker_text,video,unsupported,No bge_reranker_text adapter configured,0,6
video__g_j__gemma4_relevance,video,unsupported,No gemma4_relevance adapter configured,0,6
video__e_n__none,video,completed,,2,2
video__e_n__laya_text,video,unsupported,No laya_text adapter configured,0,6
video__e_n__bge_reranker_text,video,unsupported,No bge_reranker_text adapter configured,0,6
video__e_n__gemma4_relevance,video,unsupported,No gemma4_relevance adapter configured,0,6
video__e_s__none,video,completed,,2,2
video__e_s__laya_text,video,unsupported,No laya_text adapter configured,0,6
video__e_s__bge_reranker_text,video,unsupported,No bge_reranker_text adapter configured,0,6
video__e_s__gemma4_relevance,video,unsupported,No gemma4_relevance adapter configured,0,6
video__e_j__none,video,completed,,2,2
video__e_j__laya_text,video,unsupported,No laya_text adapter configured,0,6
video__e_j__bge_reranker_text,video,unsupported,No bge_reranker_text adapter configured,0,6
video__e_j__gemma4_relevance,video,unsupported,No gemma4_relevance adapter configured,0,6
video__n_s__none,video,completed,,2,2
video__n_s__laya_text,video,unsupported,No laya_text adapter configured,0,6
video__n_s__bge_reranker_text,video,unsupported,No bge_reranker_text adapter configured,0,6
video__n_s__gemma4_relevance,video,unsupported,No gemma4_relevance adapter configured,0,6
video__n_j__none,video,completed,,2,2
video__n_j__laya_text,video,unsupported,No laya_text adapter configured,0,6
video__n_j__bge_reranker_text,video,unsupported,No bge_reranker_text adapter configured,0,6
video__n_j__gemma4_relevance,video,unsupported,No gemma4_relevance adapter configured,0,6
video__s_j__none,video,completed,,2,2
video__s_j__laya_text,video,unsupported,No laya_text adapter configured,0,6
video__s_j__bge_reranker_text,video,unsupported,No bge_reranker_text adapter configured,0,6
video__s_j__gemma4_relevance,video,unsupported,No gemma4_relevance adapter configured,0,6
video__b_g_e__none,video,completed,,2,2
video__b_g_e__laya_text,video,unsupported,No laya_text adapter configured,0,6
video__b_g_e__bge_reranker_text,video,unsupported,No bge_reranker_text adapter configured,0,6
video__b_g_e__gemma4_relevance,video,unsupported,No gemma4_relevance adapter configured,0,6
video__b_g_n__none,video,completed,,2,2
video__b_g_n__laya_text,video,unsupported,No laya_text adapter configured,0,6
video__b_g_n__bge_reranker_text,video,unsupported,No bge_reranker_text adapter configured,0,6
video__b_g_n__gemma4_relevance,video,unsupported,No gemma4_relevance adapter configured,0,6
video__b_g_s__none,video,completed,,2,2
video__b_g_s__laya_text,video,unsupported,No laya_text adapter configured,0,6
video__b_g_s__bge_reranker_text,video,unsupported,No bge_reranker_text adapter configured,0,6
video__b_g_s__gemma4_relevance,video,unsupported,No gemma4_relevance adapter configured,0,6
video__b_g_j__none,video,completed,,2,2
video__b_g_j__laya_text,video,unsupported,No laya_text adapter configured,0,6
video__b_g_j__bge_reranker_text,video,unsupported,No bge_reranker_text adapter configured,0,6
video__b_g_j__gemma4_relevance,video,unsupported,No gemma4_relevance adapter configured,0,6
video__b_e_n__none,video,completed,,2,2
video__b_e_n__laya_text,video,unsupported,No laya_text adapter configured,0,6
video__b_e_n__bge_reranker_text,video,unsupported,No bge_reranker_text adapter configured,0,6
video__b_e_n__gemma4_relevance,video,unsupported,No gemma4_relevance adapter configured,0,6
video__b_e_s__none,video,completed,,2,2
video__b_e_s__laya_text,video,unsupported,No laya_text adapter configured,0,6
video__b_e_s__bge_reranker_text,video,unsupported,No bge_reranker_text adapter configured,0,6
video__b_e_s__gemma4_relevance,video,unsupported,No gemma4_relevance adapter configured,0,6
video__b_e_j__none,video,completed,,2,2
video__b_e_j__laya_text,video,unsupported,No laya_text adapter configured,0,6
video__b_e_j__bge_reranker_text,video,unsupported,No bge_reranker_text adapter configured,0,6
video__b_e_j__gemma4_relevance,video,unsupported,No gemma4_relevance adapter configured,0,6
video__b_n_s__none,video,completed,,2,2
video__b_n_s__laya_text,video,unsupported,No laya_text adapter configured,0,6
video__b_n_s__bge_reranker_text,video,unsupported,No bge_reranker_text adapter configured,0,6
video__b_n_s__gemma4_relevance,video,unsupported,No gemma4_relevance adapter configured,0,6
video__b_n_j__none,video,completed,,2,2
video__b_n_j__laya_text,video,unsupported,No laya_text adapter configured,0,6
video__b_n_j__bge_reranker_text,video,unsupported,No bge_reranker_text adapter configured,0,6
video__b_n_j__gemma4_relevance,video,unsupported,No gemma4_relevance adapter configured,0,6
video__b_s_j__none,video,completed,,2,2
video__b_s_j__laya_text,video,unsupported,No laya_text adapter configured,0,6
video__b_s_j__bge_reranker_text,video,unsupported,No bge_reranker_text adapter configured,0,6
video__b_s_j__gemma4_relevance,video,unsupported,No gemma4_relevance adapter configured,0,6
video__g_e_n__none,video,completed,,2,2
video__g_e_n__laya_text,video,unsupported,No laya_text adapter configured,0,6
video__g_e_n__bge_reranker_text,video,unsupported,No bge_reranker_text adapter configured,0,6
video__g_e_n__gemma4_relevance,video,unsupported,No gemma4_relevance adapter configured,0,6
video__g_e_s__none,video,completed,,2,2
video__g_e_s__laya_text,video,unsupported,No laya_text adapter configured,0,6
video__g_e_s__bge_reranker_text,video,unsupported,No bge_reranker_text adapter configured,0,6
video__g_e_s__gemma4_relevance,video,unsupported,No gemma4_relevance adapter configured,0,6
video__g_e_j__none,video,completed,,2,2
video__g_e_j__laya_text,video,unsupported,No laya_text adapter configured,0,6
video__g_e_j__bge_reranker_text,video,unsupported,No bge_reranker_text adapter configured,0,6
video__g_e_j__gemma4_relevance,video,unsupported,No gemma4_relevance adapter configured,0,6
video__g_n_s__none,video,completed,,2,2
video__g_n_s__laya_text,video,unsupported,No laya_text adapter configured,0,6
video__g_n_s__bge_reranker_text,video,unsupported,No bge_reranker_text adapter configured,0,6
video__g_n_s__gemma4_relevance,video,unsupported,No gemma4_relevance adapter configured,0,6
video__g_n_j__none,video,completed,,2,2
video__g_n_j__laya_text,video,unsupported,No laya_text adapter configured,0,6
video__g_n_j__bge_reranker_text,video,unsupported,No bge_reranker_text adapter configured,0,6
video__g_n_j__gemma4_relevance,video,unsupported,No gemma4_relevance adapter configured,0,6
video__g_s_j__none,video,completed,,2,2
video__g_s_j__laya_text,video,unsupported,No laya_text adapter configured,0,6
video__g_s_j__bge_reranker_text,video,unsupported,No bge_reranker_text adapter configured,0,6
video__g_s_j__gemma4_relevance,video,unsupported,No gemma4_relevance adapter configured,0,6
video__e_n_s__none,video,completed,,2,2
video__e_n_s__laya_text,video,unsupported,No laya_text adapter configured,0,6
video__e_n_s__bge_reranker_text,video,unsupported,No bge_reranker_text adapter configured,0,6
video__e_n_s__gemma4_relevance,video,unsupported,No gemma4_relevance adapter configured,0,6
video__e_n_j__none,video,completed,,2,2
video__e_n_j__laya_text,video,unsupported,No laya_text adapter configured,0,6
video__e_n_j__bge_reranker_text,video,unsupported,No bge_reranker_text adapter configured,0,6
video__e_n_j__gemma4_relevance,video,unsupported,No gemma4_relevance adapter configured,0,6
video__e_s_j__none,video,completed,,2,2
video__e_s_j__laya_text,video,unsupported,No laya_text adapter configured,0,6
video__e_s_j__bge_reranker_text,video,unsupported,No bge_reranker_text adapter configured,0,6
video__e_s_j__gemma4_relevance,video,unsupported,No gemma4_relevance adapter configured,0,6
video__n_s_j__none,video,completed,,2,2
video__n_s_j__laya_text,video,unsupported,No laya_text adapter configured,0,6
video__n_s_j__bge_reranker_text,video,unsupported,No bge_reranker_text adapter configured,0,6
video__n_s_j__gemma4_relevance,video,unsupported,No gemma4_relevance adapter configured,0,6
video__b_g_e_n__none,video,completed,,2,2
video__b_g_e_n__laya_text,video,unsupported,No laya_text adapter configured,0,6
video__b_g_e_n__bge_reranker_text,video,unsupported,No bge_reranker_text adapter configured,0,6
video__b_g_e_n__gemma4_relevance,video,unsupported,No gemma4_relevance adapter configured,0,6
video__b_g_e_s__none,video,completed,,2,2
video__b_g_e_s__laya_text,video,unsupported,No laya_text adapter configured,0,6
video__b_g_e_s__bge_reranker_text,video,unsupported,No bge_reranker_text adapter configured,0,6
video__b_g_e_s__gemma4_relevance,video,unsupported,No gemma4_relevance adapter configured,0,6
video__b_g_e_j__none,video,completed,,2,2
video__b_g_e_j__laya_text,video,unsupported,No laya_text adapter configured,0,6
video__b_g_e_j__bge_reranker_text,video,unsupported,No bge_reranker_text adapter configured,0,6
video__b_g_e_j__gemma4_relevance,video,unsupported,No gemma4_relevance adapter configured,0,6
video__b_g_n_s__none,video,completed,,2,2
video__b_g_n_s__laya_text,video,unsupported,No laya_text adapter configured,0,6
video__b_g_n_s__bge_reranker_text,video,unsupported,No bge_reranker_text adapter configured,0,6
video__b_g_n_s__gemma4_relevance,video,unsupported,No gemma4_relevance adapter configured,0,6
video__b_g_n_j__none,video,completed,,2,2
video__b_g_n_j__laya_text,video,unsupported,No laya_text adapter configured,0,6
video__b_g_n_j__bge_reranker_text,video,unsupported,No bge_reranker_text adapter configured,0,6
video__b_g_n_j__gemma4_relevance,video,unsupported,No gemma4_relevance adapter configured,0,6
video__b_g_s_j__none,video,completed,,2,2
video__b_g_s_j__laya_text,video,unsupported,No laya_text adapter configured,0,6
video__b_g_s_j__bge_reranker_text,video,unsupported,No bge_reranker_text adapter configured,0,6
video__b_g_s_j__gemma4_relevance,video,unsupported,No gemma4_relevance adapter configured,0,6
video__b_e_n_s__none,video,completed,,2,2
video__b_e_n_s__laya_text,video,unsupported,No laya_text adapter configured,0,6
video__b_e_n_s__bge_reranker_text,video,unsupported,No bge_reranker_text adapter configured,0,6
video__b_e_n_s__gemma4_relevance,video,unsupported,No gemma4_relevance adapter configured,0,6
video__b_e_n_j__none,video,completed,,2,2
video__b_e_n_j__laya_text,video,unsupported,No laya_text adapter configured,0,6
video__b_e_n_j__bge_reranker_text,video,unsupported,No bge_reranker_text adapter configured,0,6
video__b_e_n_j__gemma4_relevance,video,unsupported,No gemma4_relevance adapter configured,0,6
video__b_e_s_j__none,video,completed,,2,2
video__b_e_s_j__laya_text,video,unsupported,No laya_text adapter configured,0,6
video__b_e_s_j__bge_reranker_text,video,unsupported,No bge_reranker_text adapter configured,0,6
video__b_e_s_j__gemma4_relevance,video,unsupported,No gemma4_relevance adapter configured,0,6
video__b_n_s_j__none,video,completed,,2,2
video__b_n_s_j__laya_text,video,unsupported,No laya_text adapter configured,0,6
video__b_n_s_j__bge_reranker_text,video,unsupported,No bge_reranker_text adapter configured,0,6
video__b_n_s_j__gemma4_relevance,video,unsupported,No gemma4_relevance adapter configured,0,6
video__g_e_n_s__none,video,completed,,2,2
video__g_e_n_s__laya_text,video,unsupported,No laya_text adapter configured,0,6
video__g_e_n_s__bge_reranker_text,video,unsupported,No bge_reranker_text adapter configured,0,6
video__g_e_n_s__gemma4_relevance,video,unsupported,No gemma4_relevance adapter configured,0,6
video__g_e_n_j__none,video,completed,,2,2
video__g_e_n_j__laya_text,video,unsupported,No laya_text adapter configured,0,6
video__g_e_n_j__bge_reranker_text,video,unsupported,No bge_reranker_text adapter configured,0,6
video__g_e_n_j__gemma4_relevance,video,unsupported,No gemma4_relevance adapter configured,0,6
video__g_e_s_j__none,video,completed,,2,2
video__g_e_s_j__laya_text,video,unsupported,No laya_text adapter configured,0,6
video__g_e_s_j__bge_reranker_text,video,unsupported,No bge_reranker_text adapter configured,0,6
video__g_e_s_j__gemma4_relevance,video,unsupported,No gemma4_relevance adapter configured,0,6
video__g_n_s_j__none,video,completed,,2,2
video__g_n_s_j__laya_text,video,unsupported,No laya_text adapter configured,0,6
video__g_n_s_j__bge_reranker_text,video,unsupported,No bge_reranker_text adapter configured,0,6
video__g_n_s_j__gemma4_relevance,video,unsupported,No gemma4_relevance adapter configured,0,6
video__e_n_s_j__none,video,completed,,2,2
video__e_n_s_j__laya_text,video,unsupported,No laya_text adapter configured,0,6
video__e_n_s_j__bge_reranker_text,video,unsupported,No bge_reranker_text adapter configured,0,6
video__e_n_s_j__gemma4_relevance,video,unsupported,No gemma4_relevance adapter configured,0,6
video__b_g_e_n_s__none,video,completed,,2,2
video__b_g_e_n_s__laya_text,video,unsupported,No laya_text adapter configured,0,6
video__b_g_e_n_s__bge_reranker_text,video,unsupported,No bge_reranker_text adapter configured,0,6
video__b_g_e_n_s__gemma4_relevance,video,unsupported,No gemma4_relevance adapter configured,0,6
video__b_g_e_n_j__none,video,completed,,2,2
video__b_g_e_n_j__laya_text,video,unsupported,No laya_text adapter configured,0,6
video__b_g_e_n_j__bge_reranker_text,video,unsupported,No bge_reranker_text adapter configured,0,6
video__b_g_e_n_j__gemma4_relevance,video,unsupported,No gemma4_relevance adapter configured,0,6
video__b_g_e_s_j__none,video,completed,,2,2
video__b_g_e_s_j__laya_text,video,unsupported,No laya_text adapter configured,0,6
video__b_g_e_s_j__bge_reranker_text,video,unsupported,No bge_reranker_text adapter configured,0,6
video__b_g_e_s_j__gemma4_relevance,video,unsupported,No gemma4_relevance adapter configured,0,6
video__b_g_n_s_j__none,video,completed,,2,2
video__b_g_n_s_j__laya_text,video,unsupported,No laya_text adapter configured,0,6
video__b_g_n_s_j__bge_reranker_text,video,unsupported,No bge_reranker_text adapter configured,0,6
video__b_g_n_s_j__gemma4_relevance,video,unsupported,No gemma4_relevance adapter configured,0,6
video__b_e_n_s_j__none,video,completed,,2,2
video__b_e_n_s_j__laya_text,video,unsupported,No laya_text adapter configured,0,6
video__b_e_n_s_j__bge_reranker_text,video,unsupported,No bge_reranker_text adapter configured,0,6
video__b_e_n_s_j__gemma4_relevance,video,unsupported,No gemma4_relevance adapter configured,0,6
video__g_e_n_s_j__none,video,completed,,2,2
video__g_e_n_s_j__laya_text,video,unsupported,No laya_text adapter configured,0,6
video__g_e_n_s_j__bge_reranker_text,video,unsupported,No bge_reranker_text adapter configured,0,6
video__g_e_n_s_j__gemma4_relevance,video,unsupported,No gemma4_relevance adapter configured,0,6
video__b_g_e_n_s_j__none,video,completed,,2,2
video__b_g_e_n_s_j__laya_text,video,unsupported,No laya_text adapter configured,0,6
video__b_g_e_n_s_j__bge_reranker_text,video,unsupported,No bge_reranker_text adapter configured,0,6
video__b_g_e_n_s_j__gemma4_relevance,video,unsupported,No gemma4_relevance adapter configured,0,6
